"competition","season","country","competition_type","matchday","match_date","home_team","away_team","stadium","city","home_score","away_score","status","is_friendly","source","external_id"
"LaLiga","2025/2026","Spain","domestic_league","","2025-08-15T20:00:00+00:00","Girona","Vallecano","","","1","3","finished","false","datahub-football-data","laliga-2025-2026-2025-08-15-girona-vallecano"
"LaLiga","2025/2026","Spain","domestic_league","","2025-08-15T20:00:00+00:00","Villarreal","Oviedo","","","2","0","finished","false","datahub-football-data","laliga-2025-2026-2025-08-15-villarreal-oviedo"
"LaLiga","2025/2026","Spain","domestic_league","","2025-08-16T20:00:00+00:00","Mallorca","Barcelona","","","0","3","finished","false","datahub-football-data","laliga-2025-2026-2025-08-16-mallorca-barcelona"
"LaLiga","2025/2026","Spain","domestic_league","","2025-08-16T20:00:00+00:00","Alaves","Levante","","","2","1","finished","false","datahub-football-data","laliga-2025-2026-2025-08-16-alaves-levante"
"LaLiga","2025/2026","Spain","domestic_league","","2025-08-16T20:00:00+00:00","Valencia","Sociedad","","","1","1","finished","false","datahub-football-data","laliga-2025-2026-2025-08-16-valencia-sociedad"
"LaLiga","2025/2026","Spain","domestic_league","","2025-08-17T20:00:00+00:00","Celta","Getafe","","","0","2","finished","false","datahub-football-data","laliga-2025-2026-2025-08-17-celta-getafe"
"LaLiga","2025/2026","Spain","domestic_league","","2025-08-17T20:00:00+00:00","Ath Bilbao","Sevilla","","","3","2","finished","false","datahub-football-data","laliga-2025-2026-2025-08-17-ath-bilbao-sevilla"
"LaLiga","2025/2026","Spain","domestic_league","","2025-08-17T20:00:00+00:00","Espanol","Ath Madrid","","","2","1","finished","false","datahub-football-data","laliga-2025-2026-2025-08-17-espanol-ath-madrid"
"LaLiga","2025/2026","Spain","domestic_league","","2025-08-18T20:00:00+00:00","Elche","Betis","","","1","1","finished","false","datahub-football-data","laliga-2025-2026-2025-08-18-elche-betis"
"LaLiga","2025/2026","Spain","domestic_league","","2025-08-19T20:00:00+00:00","Real Madrid","Osasuna","","","1","0","finished","false","datahub-football-data","laliga-2025-2026-2025-08-19-real-madrid-osasuna"
"LaLiga","2025/2026","Spain","domestic_league","","2025-08-22T20:00:00+00:00","Betis","Alaves","","","1","0","finished","false","datahub-football-data","laliga-2025-2026-2025-08-22-betis-alaves"
"LaLiga","2025/2026","Spain","domestic_league","","2025-08-23T20:00:00+00:00","Mallorca","Celta","","","1","1","finished","false","datahub-football-data","laliga-2025-2026-2025-08-23-mallorca-celta"
"LaLiga","2025/2026","Spain","domestic_league","","2025-08-23T20:00:00+00:00","Ath Madrid","Elche","","","1","1","finished","false","datahub-football-data","laliga-2025-2026-2025-08-23-ath-madrid-elche"
"LaLiga","2025/2026","Spain","domestic_league","","2025-08-23T20:00:00+00:00","Levante","Barcelona","","","2","3","finished","false","datahub-football-data","laliga-2025-2026-2025-08-23-levante-barcelona"
"LaLiga","2025/2026","Spain","domestic_league","","2025-08-24T20:00:00+00:00","Osasuna","Valencia","","","1","0","finished","false","datahub-football-data","laliga-2025-2026-2025-08-24-osasuna-valencia"
"LaLiga","2025/2026","Spain","domestic_league","","2025-08-24T20:00:00+00:00","Sociedad","Espanol","","","2","2","finished","false","datahub-football-data","laliga-2025-2026-2025-08-24-sociedad-espanol"
"LaLiga","2025/2026","Spain","domestic_league","","2025-08-24T20:00:00+00:00","Villarreal","Girona","","","5","0","finished","false","datahub-football-data","laliga-2025-2026-2025-08-24-villarreal-girona"
"LaLiga","2025/2026","Spain","domestic_league","","2025-08-24T20:00:00+00:00","Oviedo","Real Madrid","","","0","3","finished","false","datahub-football-data","laliga-2025-2026-2025-08-24-oviedo-real-madrid"
"LaLiga","2025/2026","Spain","domestic_league","","2025-08-25T20:00:00+00:00","Ath Bilbao","Vallecano","","","1","0","finished","false","datahub-football-data","laliga-2025-2026-2025-08-25-ath-bilbao-vallecano"
"LaLiga","2025/2026","Spain","domestic_league","","2025-08-25T20:00:00+00:00","Sevilla","Getafe","","","1","2","finished","false","datahub-football-data","laliga-2025-2026-2025-08-25-sevilla-getafe"
"LaLiga","2025/2026","Spain","domestic_league","","2025-08-27T20:00:00+00:00","Celta","Betis","","","1","1","finished","false","datahub-football-data","laliga-2025-2026-2025-08-27-celta-betis"
"LaLiga","2025/2026","Spain","domestic_league","","2025-08-29T20:00:00+00:00","Elche","Levante","","","2","0","finished","false","datahub-football-data","laliga-2025-2026-2025-08-29-elche-levante"
"LaLiga","2025/2026","Spain","domestic_league","","2025-08-29T20:00:00+00:00","Valencia","Getafe","","","3","0","finished","false","datahub-football-data","laliga-2025-2026-2025-08-29-valencia-getafe"
"LaLiga","2025/2026","Spain","domestic_league","","2025-08-30T20:00:00+00:00","Alaves","Ath Madrid","","","1","1","finished","false","datahub-football-data","laliga-2025-2026-2025-08-30-alaves-ath-madrid"
"LaLiga","2025/2026","Spain","domestic_league","","2025-08-30T20:00:00+00:00","Oviedo","Sociedad","","","1","0","finished","false","datahub-football-data","laliga-2025-2026-2025-08-30-oviedo-sociedad"
"LaLiga","2025/2026","Spain","domestic_league","","2025-08-30T20:00:00+00:00","Girona","Sevilla","","","0","2","finished","false","datahub-football-data","laliga-2025-2026-2025-08-30-girona-sevilla"
"LaLiga","2025/2026","Spain","domestic_league","","2025-08-30T20:00:00+00:00","Real Madrid","Mallorca","","","2","1","finished","false","datahub-football-data","laliga-2025-2026-2025-08-30-real-madrid-mallorca"
"LaLiga","2025/2026","Spain","domestic_league","","2025-08-31T20:00:00+00:00","Celta","Villarreal","","","1","1","finished","false","datahub-football-data","laliga-2025-2026-2025-08-31-celta-villarreal"
"LaLiga","2025/2026","Spain","domestic_league","","2025-08-31T20:00:00+00:00","Betis","Ath Bilbao","","","1","2","finished","false","datahub-football-data","laliga-2025-2026-2025-08-31-betis-ath-bilbao"
"LaLiga","2025/2026","Spain","domestic_league","","2025-08-31T20:00:00+00:00","Espanol","Osasuna","","","1","0","finished","false","datahub-football-data","laliga-2025-2026-2025-08-31-espanol-osasuna"
"LaLiga","2025/2026","Spain","domestic_league","","2025-08-31T20:00:00+00:00","Vallecano","Barcelona","","","1","1","finished","false","datahub-football-data","laliga-2025-2026-2025-08-31-vallecano-barcelona"
"LaLiga","2025/2026","Spain","domestic_league","","2025-09-12T20:00:00+00:00","Sevilla","Elche","","","2","2","finished","false","datahub-football-data","laliga-2025-2026-2025-09-12-sevilla-elche"
"LaLiga","2025/2026","Spain","domestic_league","","2025-09-13T20:00:00+00:00","Getafe","Oviedo","","","2","0","finished","false","datahub-football-data","laliga-2025-2026-2025-09-13-getafe-oviedo"
"LaLiga","2025/2026","Spain","domestic_league","","2025-09-13T20:00:00+00:00","Sociedad","Real Madrid","","","1","2","finished","false","datahub-football-data","laliga-2025-2026-2025-09-13-sociedad-real-madrid"
"LaLiga","2025/2026","Spain","domestic_league","","2025-09-13T20:00:00+00:00","Ath Bilbao","Alaves","","","0","1","finished","false","datahub-football-data","laliga-2025-2026-2025-09-13-ath-bilbao-alaves"
"LaLiga","2025/2026","Spain","domestic_league","","2025-09-13T20:00:00+00:00","Ath Madrid","Villarreal","","","2","0","finished","false","datahub-football-data","laliga-2025-2026-2025-09-13-ath-madrid-villarreal"
"LaLiga","2025/2026","Spain","domestic_league","","2025-09-14T20:00:00+00:00","Celta","Girona","","","1","1","finished","false","datahub-football-data","laliga-2025-2026-2025-09-14-celta-girona"
"LaLiga","2025/2026","Spain","domestic_league","","2025-09-14T20:00:00+00:00","Levante","Betis","","","2","2","finished","false","datahub-football-data","laliga-2025-2026-2025-09-14-levante-betis"
"LaLiga","2025/2026","Spain","domestic_league","","2025-09-14T20:00:00+00:00","Osasuna","Vallecano","","","2","0","finished","false","datahub-football-data","laliga-2025-2026-2025-09-14-osasuna-vallecano"
"LaLiga","2025/2026","Spain","domestic_league","","2025-09-14T20:00:00+00:00","Barcelona","Valencia","","","6","0","finished","false","datahub-football-data","laliga-2025-2026-2025-09-14-barcelona-valencia"
"LaLiga","2025/2026","Spain","domestic_league","","2025-09-15T20:00:00+00:00","Espanol","Mallorca","","","3","2","finished","false","datahub-football-data","laliga-2025-2026-2025-09-15-espanol-mallorca"
"LaLiga","2025/2026","Spain","domestic_league","","2025-09-19T20:00:00+00:00","Betis","Sociedad","","","3","1","finished","false","datahub-football-data","laliga-2025-2026-2025-09-19-betis-sociedad"
"LaLiga","2025/2026","Spain","domestic_league","","2025-09-20T20:00:00+00:00","Girona","Levante","","","0","4","finished","false","datahub-football-data","laliga-2025-2026-2025-09-20-girona-levante"
"LaLiga","2025/2026","Spain","domestic_league","","2025-09-20T20:00:00+00:00","Real Madrid","Espanol","","","2","0","finished","false","datahub-football-data","laliga-2025-2026-2025-09-20-real-madrid-espanol"
"LaLiga","2025/2026","Spain","domestic_league","","2025-09-20T20:00:00+00:00","Alaves","Sevilla","","","1","2","finished","false","datahub-football-data","laliga-2025-2026-2025-09-20-alaves-sevilla"
"LaLiga","2025/2026","Spain","domestic_league","","2025-09-20T20:00:00+00:00","Villarreal","Osasuna","","","2","1","finished","false","datahub-football-data","laliga-2025-2026-2025-09-20-villarreal-osasuna"
"LaLiga","2025/2026","Spain","domestic_league","","2025-09-20T20:00:00+00:00","Valencia","Ath Bilbao","","","2","0","finished","false","datahub-football-data","laliga-2025-2026-2025-09-20-valencia-ath-bilbao"
"LaLiga","2025/2026","Spain","domestic_league","","2025-09-21T20:00:00+00:00","Vallecano","Celta","","","1","1","finished","false","datahub-football-data","laliga-2025-2026-2025-09-21-vallecano-celta"
"LaLiga","2025/2026","Spain","domestic_league","","2025-09-21T20:00:00+00:00","Mallorca","Ath Madrid","","","1","1","finished","false","datahub-football-data","laliga-2025-2026-2025-09-21-mallorca-ath-madrid"
"LaLiga","2025/2026","Spain","domestic_league","","2025-09-21T20:00:00+00:00","Elche","Oviedo","","","1","0","finished","false","datahub-football-data","laliga-2025-2026-2025-09-21-elche-oviedo"
"LaLiga","2025/2026","Spain","domestic_league","","2025-09-21T20:00:00+00:00","Barcelona","Getafe","","","3","0","finished","false","datahub-football-data","laliga-2025-2026-2025-09-21-barcelona-getafe"
"LaLiga","2025/2026","Spain","domestic_league","","2025-09-23T20:00:00+00:00","Ath Bilbao","Girona","","","1","1","finished","false","datahub-football-data","laliga-2025-2026-2025-09-23-ath-bilbao-girona"
"LaLiga","2025/2026","Spain","domestic_league","","2025-09-23T20:00:00+00:00","Espanol","Valencia","","","2","2","finished","false","datahub-football-data","laliga-2025-2026-2025-09-23-espanol-valencia"
"LaLiga","2025/2026","Spain","domestic_league","","2025-09-23T20:00:00+00:00","Levante","Real Madrid","","","1","4","finished","false","datahub-football-data","laliga-2025-2026-2025-09-23-levante-real-madrid"
"LaLiga","2025/2026","Spain","domestic_league","","2025-09-23T20:00:00+00:00","Sevilla","Villarreal","","","1","2","finished","false","datahub-football-data","laliga-2025-2026-2025-09-23-sevilla-villarreal"
"LaLiga","2025/2026","Spain","domestic_league","","2025-09-24T20:00:00+00:00","Getafe","Alaves","","","1","1","finished","false","datahub-football-data","laliga-2025-2026-2025-09-24-getafe-alaves"
"LaLiga","2025/2026","Spain","domestic_league","","2025-09-24T20:00:00+00:00","Ath Madrid","Vallecano","","","3","2","finished","false","datahub-football-data","laliga-2025-2026-2025-09-24-ath-madrid-vallecano"
"LaLiga","2025/2026","Spain","domestic_league","","2025-09-24T20:00:00+00:00","Sociedad","Mallorca","","","1","0","finished","false","datahub-football-data","laliga-2025-2026-2025-09-24-sociedad-mallorca"
"LaLiga","2025/2026","Spain","domestic_league","","2025-09-25T20:00:00+00:00","Osasuna","Elche","","","1","1","finished","false","datahub-football-data","laliga-2025-2026-2025-09-25-osasuna-elche"
"LaLiga","2025/2026","Spain","domestic_league","","2025-09-25T20:00:00+00:00","Oviedo","Barcelona","","","1","3","finished","false","datahub-football-data","laliga-2025-2026-2025-09-25-oviedo-barcelona"
"LaLiga","2025/2026","Spain","domestic_league","","2025-09-26T20:00:00+00:00","Girona","Espanol","","","0","0","finished","false","datahub-football-data","laliga-2025-2026-2025-09-26-girona-espanol"
"LaLiga","2025/2026","Spain","domestic_league","","2025-09-27T20:00:00+00:00","Getafe","Levante","","","1","1","finished","false","datahub-football-data","laliga-2025-2026-2025-09-27-getafe-levante"
"LaLiga","2025/2026","Spain","domestic_league","","2025-09-27T20:00:00+00:00","Ath Madrid","Real Madrid","","","5","2","finished","false","datahub-football-data","laliga-2025-2026-2025-09-27-ath-madrid-real-madrid"
"LaLiga","2025/2026","Spain","domestic_league","","2025-09-27T20:00:00+00:00","Mallorca","Alaves","","","1","0","finished","false","datahub-football-data","laliga-2025-2026-2025-09-27-mallorca-alaves"
"LaLiga","2025/2026","Spain","domestic_league","","2025-09-27T20:00:00+00:00","Villarreal","Ath Bilbao","","","1","0","finished","false","datahub-football-data","laliga-2025-2026-2025-09-27-villarreal-ath-bilbao"
"LaLiga","2025/2026","Spain","domestic_league","","2025-09-28T20:00:00+00:00","Vallecano","Sevilla","","","0","1","finished","false","datahub-football-data","laliga-2025-2026-2025-09-28-vallecano-sevilla"
"LaLiga","2025/2026","Spain","domestic_league","","2025-09-28T20:00:00+00:00","Elche","Celta","","","2","1","finished","false","datahub-football-data","laliga-2025-2026-2025-09-28-elche-celta"
"LaLiga","2025/2026","Spain","domestic_league","","2025-09-28T20:00:00+00:00","Barcelona","Sociedad","","","2","1","finished","false","datahub-football-data","laliga-2025-2026-2025-09-28-barcelona-sociedad"
"LaLiga","2025/2026","Spain","domestic_league","","2025-09-28T20:00:00+00:00","Betis","Osasuna","","","2","0","finished","false","datahub-football-data","laliga-2025-2026-2025-09-28-betis-osasuna"
"LaLiga","2025/2026","Spain","domestic_league","","2025-09-30T20:00:00+00:00","Valencia","Oviedo","","","1","2","finished","false","datahub-football-data","laliga-2025-2026-2025-09-30-valencia-oviedo"
"LaLiga","2025/2026","Spain","domestic_league","","2025-10-03T20:00:00+00:00","Osasuna","Getafe","","","2","1","finished","false","datahub-football-data","laliga-2025-2026-2025-10-03-osasuna-getafe"
"LaLiga","2025/2026","Spain","domestic_league","","2025-10-04T20:00:00+00:00","Oviedo","Levante","","","0","2","finished","false","datahub-football-data","laliga-2025-2026-2025-10-04-oviedo-levante"
"LaLiga","2025/2026","Spain","domestic_league","","2025-10-04T20:00:00+00:00","Girona","Valencia","","","2","1","finished","false","datahub-football-data","laliga-2025-2026-2025-10-04-girona-valencia"
"LaLiga","2025/2026","Spain","domestic_league","","2025-10-04T20:00:00+00:00","Ath Bilbao","Mallorca","","","2","1","finished","false","datahub-football-data","laliga-2025-2026-2025-10-04-ath-bilbao-mallorca"
"LaLiga","2025/2026","Spain","domestic_league","","2025-10-04T20:00:00+00:00","Real Madrid","Villarreal","","","3","1","finished","false","datahub-football-data","laliga-2025-2026-2025-10-04-real-madrid-villarreal"
"LaLiga","2025/2026","Spain","domestic_league","","2025-10-05T20:00:00+00:00","Alaves","Elche","","","3","1","finished","false","datahub-football-data","laliga-2025-2026-2025-10-05-alaves-elche"
"LaLiga","2025/2026","Spain","domestic_league","","2025-10-05T20:00:00+00:00","Sevilla","Barcelona","","","4","1","finished","false","datahub-football-data","laliga-2025-2026-2025-10-05-sevilla-barcelona"
"LaLiga","2025/2026","Spain","domestic_league","","2025-10-05T20:00:00+00:00","Espanol","Betis","","","1","2","finished","false","datahub-football-data","laliga-2025-2026-2025-10-05-espanol-betis"
"LaLiga","2025/2026","Spain","domestic_league","","2025-10-05T20:00:00+00:00","Sociedad","Vallecano","","","0","1","finished","false","datahub-football-data","laliga-2025-2026-2025-10-05-sociedad-vallecano"
"LaLiga","2025/2026","Spain","domestic_league","","2025-10-05T20:00:00+00:00","Celta","Ath Madrid","","","1","1","finished","false","datahub-football-data","laliga-2025-2026-2025-10-05-celta-ath-madrid"
"LaLiga","2025/2026","Spain","domestic_league","","2025-10-17T20:00:00+00:00","Oviedo","Espanol","","","0","2","finished","false","datahub-football-data","laliga-2025-2026-2025-10-17-oviedo-espanol"
"LaLiga","2025/2026","Spain","domestic_league","","2025-10-18T20:00:00+00:00","Sevilla","Mallorca","","","1","3","finished","false","datahub-football-data","laliga-2025-2026-2025-10-18-sevilla-mallorca"
"LaLiga","2025/2026","Spain","domestic_league","","2025-10-18T20:00:00+00:00","Barcelona","Girona","","","2","1","finished","false","datahub-football-data","laliga-2025-2026-2025-10-18-barcelona-girona"
"LaLiga","2025/2026","Spain","domestic_league","","2025-10-18T20:00:00+00:00","Villarreal","Betis","","","2","2","finished","false","datahub-football-data","laliga-2025-2026-2025-10-18-villarreal-betis"
"LaLiga","2025/2026","Spain","domestic_league","","2025-10-18T20:00:00+00:00","Ath Madrid","Osasuna","","","1","0","finished","false","datahub-football-data","laliga-2025-2026-2025-10-18-ath-madrid-osasuna"
"LaLiga","2025/2026","Spain","domestic_league","","2025-10-19T20:00:00+00:00","Elche","Ath Bilbao","","","0","0","finished","false","datahub-football-data","laliga-2025-2026-2025-10-19-elche-ath-bilbao"
"LaLiga","2025/2026","Spain","domestic_league","","2025-10-19T20:00:00+00:00","Celta","Sociedad","","","1","1","finished","false","datahub-football-data","laliga-2025-2026-2025-10-19-celta-sociedad"
"LaLiga","2025/2026","Spain","domestic_league","","2025-10-19T20:00:00+00:00","Levante","Vallecano","","","0","3","finished","false","datahub-football-data","laliga-2025-2026-2025-10-19-levante-vallecano"
"LaLiga","2025/2026","Spain","domestic_league","","2025-10-19T20:00:00+00:00","Getafe","Real Madrid","","","0","1","finished","false","datahub-football-data","laliga-2025-2026-2025-10-19-getafe-real-madrid"
"LaLiga","2025/2026","Spain","domestic_league","","2025-10-20T20:00:00+00:00","Alaves","Valencia","","","0","0","finished","false","datahub-football-data","laliga-2025-2026-2025-10-20-alaves-valencia"
"LaLiga","2025/2026","Spain","domestic_league","","2025-10-24T20:00:00+00:00","Sociedad","Sevilla","","","2","1","finished","false","datahub-football-data","laliga-2025-2026-2025-10-24-sociedad-sevilla"
"LaLiga","2025/2026","Spain","domestic_league","","2025-10-25T20:00:00+00:00","Girona","Oviedo","","","3","3","finished","false","datahub-football-data","laliga-2025-2026-2025-10-25-girona-oviedo"
"LaLiga","2025/2026","Spain","domestic_league","","2025-10-25T20:00:00+00:00","Espanol","Elche","","","1","0","finished","false","datahub-football-data","laliga-2025-2026-2025-10-25-espanol-elche"
"LaLiga","2025/2026","Spain","domestic_league","","2025-10-25T20:00:00+00:00","Ath Bilbao","Getafe","","","0","1","finished","false","datahub-football-data","laliga-2025-2026-2025-10-25-ath-bilbao-getafe"
"LaLiga","2025/2026","Spain","domestic_league","","2025-10-25T20:00:00+00:00","Valencia","Villarreal","","","0","2","finished","false","datahub-football-data","laliga-2025-2026-2025-10-25-valencia-villarreal"
"LaLiga","2025/2026","Spain","domestic_league","","2025-10-26T20:00:00+00:00","Mallorca","Levante","","","1","1","finished","false","datahub-football-data","laliga-2025-2026-2025-10-26-mallorca-levante"
"LaLiga","2025/2026","Spain","domestic_league","","2025-10-26T20:00:00+00:00","Real Madrid","Barcelona","","","2","1","finished","false","datahub-football-data","laliga-2025-2026-2025-10-26-real-madrid-barcelona"
"LaLiga","2025/2026","Spain","domestic_league","","2025-10-26T20:00:00+00:00","Osasuna","Celta","","","2","3","finished","false","datahub-football-data","laliga-2025-2026-2025-10-26-osasuna-celta"
"LaLiga","2025/2026","Spain","domestic_league","","2025-10-26T20:00:00+00:00","Vallecano","Alaves","","","1","0","finished","false","datahub-football-data","laliga-2025-2026-2025-10-26-vallecano-alaves"
"LaLiga","2025/2026","Spain","domestic_league","","2025-10-27T20:00:00+00:00","Betis","Ath Madrid","","","0","2","finished","false","datahub-football-data","laliga-2025-2026-2025-10-27-betis-ath-madrid"
"LaLiga","2025/2026","Spain","domestic_league","","2025-10-31T20:00:00+00:00","Getafe","Girona","","","2","1","finished","false","datahub-football-data","laliga-2025-2026-2025-10-31-getafe-girona"
"LaLiga","2025/2026","Spain","domestic_league","","2025-11-01T20:00:00+00:00","Villarreal","Vallecano","","","4","0","finished","false","datahub-football-data","laliga-2025-2026-2025-11-01-villarreal-vallecano"
"LaLiga","2025/2026","Spain","domestic_league","","2025-11-01T20:00:00+00:00","Ath Madrid","Sevilla","","","3","0","finished","false","datahub-football-data","laliga-2025-2026-2025-11-01-ath-madrid-sevilla"
"LaLiga","2025/2026","Spain","domestic_league","","2025-11-01T20:00:00+00:00","Sociedad","Ath Bilbao","","","3","2","finished","false","datahub-football-data","laliga-2025-2026-2025-11-01-sociedad-ath-bilbao"
"LaLiga","2025/2026","Spain","domestic_league","","2025-11-01T20:00:00+00:00","Real Madrid","Valencia","","","4","0","finished","false","datahub-football-data","laliga-2025-2026-2025-11-01-real-madrid-valencia"
"LaLiga","2025/2026","Spain","domestic_league","","2025-11-02T20:00:00+00:00","Levante","Celta","","","1","2","finished","false","datahub-football-data","laliga-2025-2026-2025-11-02-levante-celta"
"LaLiga","2025/2026","Spain","domestic_league","","2025-11-02T20:00:00+00:00","Alaves","Espanol","","","2","1","finished","false","datahub-football-data","laliga-2025-2026-2025-11-02-alaves-espanol"
"LaLiga","2025/2026","Spain","domestic_league","","2025-11-02T20:00:00+00:00","Barcelona","Elche","","","3","1","finished","false","datahub-football-data","laliga-2025-2026-2025-11-02-barcelona-elche"
"LaLiga","2025/2026","Spain","domestic_league","","2025-11-02T20:00:00+00:00","Betis","Mallorca","","","3","0","finished","false","datahub-football-data","laliga-2025-2026-2025-11-02-betis-mallorca"
"LaLiga","2025/2026","Spain","domestic_league","","2025-11-03T20:00:00+00:00","Oviedo","Osasuna","","","0","0","finished","false","datahub-football-data","laliga-2025-2026-2025-11-03-oviedo-osasuna"
"LaLiga","2025/2026","Spain","domestic_league","","2025-11-07T20:00:00+00:00","Elche","Sociedad","","","1","1","finished","false","datahub-football-data","laliga-2025-2026-2025-11-07-elche-sociedad"
"LaLiga","2025/2026","Spain","domestic_league","","2025-11-08T20:00:00+00:00","Girona","Alaves","","","1","0","finished","false","datahub-football-data","laliga-2025-2026-2025-11-08-girona-alaves"
"LaLiga","2025/2026","Spain","domestic_league","","2025-11-08T20:00:00+00:00","Sevilla","Osasuna","","","1","0","finished","false","datahub-football-data","laliga-2025-2026-2025-11-08-sevilla-osasuna"
"LaLiga","2025/2026","Spain","domestic_league","","2025-11-08T20:00:00+00:00","Ath Madrid","Levante","","","3","1","finished","false","datahub-football-data","laliga-2025-2026-2025-11-08-ath-madrid-levante"
"LaLiga","2025/2026","Spain","domestic_league","","2025-11-08T20:00:00+00:00","Espanol","Villarreal","","","0","2","finished","false","datahub-football-data","laliga-2025-2026-2025-11-08-espanol-villarreal"
"LaLiga","2025/2026","Spain","domestic_league","","2025-11-09T20:00:00+00:00","Ath Bilbao","Oviedo","","","1","0","finished","false","datahub-football-data","laliga-2025-2026-2025-11-09-ath-bilbao-oviedo"
"LaLiga","2025/2026","Spain","domestic_league","","2025-11-09T20:00:00+00:00","Vallecano","Real Madrid","","","0","0","finished","false","datahub-football-data","laliga-2025-2026-2025-11-09-vallecano-real-madrid"
"LaLiga","2025/2026","Spain","domestic_league","","2025-11-09T20:00:00+00:00","Mallorca","Getafe","","","1","0","finished","false","datahub-football-data","laliga-2025-2026-2025-11-09-mallorca-getafe"
"LaLiga","2025/2026","Spain","domestic_league","","2025-11-09T20:00:00+00:00","Valencia","Betis","","","1","1","finished","false","datahub-football-data","laliga-2025-2026-2025-11-09-valencia-betis"
"LaLiga","2025/2026","Spain","domestic_league","","2025-11-09T20:00:00+00:00","Celta","Barcelona","","","2","4","finished","false","datahub-football-data","laliga-2025-2026-2025-11-09-celta-barcelona"
"LaLiga","2025/2026","Spain","domestic_league","","2025-11-21T20:00:00+00:00","Valencia","Levante","","","1","0","finished","false","datahub-football-data","laliga-2025-2026-2025-11-21-valencia-levante"
"LaLiga","2025/2026","Spain","domestic_league","","2025-11-22T20:00:00+00:00","Alaves","Celta","","","0","1","finished","false","datahub-football-data","laliga-2025-2026-2025-11-22-alaves-celta"
"LaLiga","2025/2026","Spain","domestic_league","","2025-11-22T20:00:00+00:00","Barcelona","Ath Bilbao","","","4","0","finished","false","datahub-football-data","laliga-2025-2026-2025-11-22-barcelona-ath-bilbao"
"LaLiga","2025/2026","Spain","domestic_league","","2025-11-22T20:00:00+00:00","Osasuna","Sociedad","","","1","3","finished","false","datahub-football-data","laliga-2025-2026-2025-11-22-osasuna-sociedad"
"LaLiga","2025/2026","Spain","domestic_league","","2025-11-22T20:00:00+00:00","Villarreal","Mallorca","","","2","1","finished","false","datahub-football-data","laliga-2025-2026-2025-11-22-villarreal-mallorca"
"LaLiga","2025/2026","Spain","domestic_league","","2025-11-23T20:00:00+00:00","Oviedo","Vallecano","","","0","0","finished","false","datahub-football-data","laliga-2025-2026-2025-11-23-oviedo-vallecano"
"LaLiga","2025/2026","Spain","domestic_league","","2025-11-23T20:00:00+00:00","Betis","Girona","","","1","1","finished","false","datahub-football-data","laliga-2025-2026-2025-11-23-betis-girona"
"LaLiga","2025/2026","Spain","domestic_league","","2025-11-23T20:00:00+00:00","Getafe","Ath Madrid","","","0","1","finished","false","datahub-football-data","laliga-2025-2026-2025-11-23-getafe-ath-madrid"
"LaLiga","2025/2026","Spain","domestic_league","","2025-11-23T20:00:00+00:00","Elche","Real Madrid","","","2","2","finished","false","datahub-football-data","laliga-2025-2026-2025-11-23-elche-real-madrid"
"LaLiga","2025/2026","Spain","domestic_league","","2025-11-24T20:00:00+00:00","Espanol","Sevilla","","","2","1","finished","false","datahub-football-data","laliga-2025-2026-2025-11-24-espanol-sevilla"
"LaLiga","2025/2026","Spain","domestic_league","","2025-11-28T20:00:00+00:00","Getafe","Elche","","","1","0","finished","false","datahub-football-data","laliga-2025-2026-2025-11-28-getafe-elche"
"LaLiga","2025/2026","Spain","domestic_league","","2025-11-29T20:00:00+00:00","Mallorca","Osasuna","","","2","2","finished","false","datahub-football-data","laliga-2025-2026-2025-11-29-mallorca-osasuna"
"LaLiga","2025/2026","Spain","domestic_league","","2025-11-29T20:00:00+00:00","Barcelona","Alaves","","","3","1","finished","false","datahub-football-data","laliga-2025-2026-2025-11-29-barcelona-alaves"
"LaLiga","2025/2026","Spain","domestic_league","","2025-11-29T20:00:00+00:00","Levante","Ath Bilbao","","","0","2","finished","false","datahub-football-data","laliga-2025-2026-2025-11-29-levante-ath-bilbao"
"LaLiga","2025/2026","Spain","domestic_league","","2025-11-29T20:00:00+00:00","Ath Madrid","Oviedo","","","2","0","finished","false","datahub-football-data","laliga-2025-2026-2025-11-29-ath-madrid-oviedo"
"LaLiga","2025/2026","Spain","domestic_league","","2025-11-30T20:00:00+00:00","Sociedad","Villarreal","","","2","3","finished","false","datahub-football-data","laliga-2025-2026-2025-11-30-sociedad-villarreal"
"LaLiga","2025/2026","Spain","domestic_league","","2025-11-30T20:00:00+00:00","Sevilla","Betis","","","0","2","finished","false","datahub-football-data","laliga-2025-2026-2025-11-30-sevilla-betis"
"LaLiga","2025/2026","Spain","domestic_league","","2025-11-30T20:00:00+00:00","Celta","Espanol","","","0","1","finished","false","datahub-football-data","laliga-2025-2026-2025-11-30-celta-espanol"
"LaLiga","2025/2026","Spain","domestic_league","","2025-11-30T20:00:00+00:00","Girona","Real Madrid","","","1","1","finished","false","datahub-football-data","laliga-2025-2026-2025-11-30-girona-real-madrid"
"LaLiga","2025/2026","Spain","domestic_league","","2025-12-01T20:00:00+00:00","Vallecano","Valencia","","","1","1","finished","false","datahub-football-data","laliga-2025-2026-2025-12-01-vallecano-valencia"
"LaLiga","2025/2026","Spain","domestic_league","","2025-12-02T20:00:00+00:00","Barcelona","Ath Madrid","","","3","1","finished","false","datahub-football-data","laliga-2025-2026-2025-12-02-barcelona-ath-madrid"
"LaLiga","2025/2026","Spain","domestic_league","","2025-12-03T20:00:00+00:00","Ath Bilbao","Real Madrid","","","0","3","finished","false","datahub-football-data","laliga-2025-2026-2025-12-03-ath-bilbao-real-madrid"
"LaLiga","2025/2026","Spain","domestic_league","","2025-12-05T20:00:00+00:00","Oviedo","Mallorca","","","0","0","finished","false","datahub-football-data","laliga-2025-2026-2025-12-05-oviedo-mallorca"
"LaLiga","2025/2026","Spain","domestic_league","","2025-12-06T20:00:00+00:00","Villarreal","Getafe","","","2","0","finished","false","datahub-football-data","laliga-2025-2026-2025-12-06-villarreal-getafe"
"LaLiga","2025/2026","Spain","domestic_league","","2025-12-06T20:00:00+00:00","Alaves","Sociedad","","","1","0","finished","false","datahub-football-data","laliga-2025-2026-2025-12-06-alaves-sociedad"
"LaLiga","2025/2026","Spain","domestic_league","","2025-12-06T20:00:00+00:00","Betis","Barcelona","","","3","5","finished","false","datahub-football-data","laliga-2025-2026-2025-12-06-betis-barcelona"
"LaLiga","2025/2026","Spain","domestic_league","","2025-12-06T20:00:00+00:00","Ath Bilbao","Ath Madrid","","","1","0","finished","false","datahub-football-data","laliga-2025-2026-2025-12-06-ath-bilbao-ath-madrid"
"LaLiga","2025/2026","Spain","domestic_league","","2025-12-07T20:00:00+00:00","Elche","Girona","","","3","0","finished","false","datahub-football-data","laliga-2025-2026-2025-12-07-elche-girona"
"LaLiga","2025/2026","Spain","domestic_league","","2025-12-07T20:00:00+00:00","Valencia","Sevilla","","","1","1","finished","false","datahub-football-data","laliga-2025-2026-2025-12-07-valencia-sevilla"
"LaLiga","2025/2026","Spain","domestic_league","","2025-12-07T20:00:00+00:00","Espanol","Vallecano","","","1","0","finished","false","datahub-football-data","laliga-2025-2026-2025-12-07-espanol-vallecano"
"LaLiga","2025/2026","Spain","domestic_league","","2025-12-07T20:00:00+00:00","Real Madrid","Celta","","","0","2","finished","false","datahub-football-data","laliga-2025-2026-2025-12-07-real-madrid-celta"
"LaLiga","2025/2026","Spain","domestic_league","","2025-12-08T20:00:00+00:00","Osasuna","Levante","","","2","0","finished","false","datahub-football-data","laliga-2025-2026-2025-12-08-osasuna-levante"
"LaLiga","2025/2026","Spain","domestic_league","","2025-12-12T20:00:00+00:00","Sociedad","Girona","","","1","2","finished","false","datahub-football-data","laliga-2025-2026-2025-12-12-sociedad-girona"
"LaLiga","2025/2026","Spain","domestic_league","","2025-12-13T20:00:00+00:00","Ath Madrid","Valencia","","","2","1","finished","false","datahub-football-data","laliga-2025-2026-2025-12-13-ath-madrid-valencia"
"LaLiga","2025/2026","Spain","domestic_league","","2025-12-13T20:00:00+00:00","Mallorca","Elche","","","3","1","finished","false","datahub-football-data","laliga-2025-2026-2025-12-13-mallorca-elche"
"LaLiga","2025/2026","Spain","domestic_league","","2025-12-13T20:00:00+00:00","Barcelona","Osasuna","","","2","0","finished","false","datahub-football-data","laliga-2025-2026-2025-12-13-barcelona-osasuna"
"LaLiga","2025/2026","Spain","domestic_league","","2025-12-13T20:00:00+00:00","Getafe","Espanol","","","0","1","finished","false","datahub-football-data","laliga-2025-2026-2025-12-13-getafe-espanol"
"LaLiga","2025/2026","Spain","domestic_league","","2025-12-14T20:00:00+00:00","Sevilla","Oviedo","","","4","0","finished","false","datahub-football-data","laliga-2025-2026-2025-12-14-sevilla-oviedo"
"LaLiga","2025/2026","Spain","domestic_league","","2025-12-14T20:00:00+00:00","Celta","Ath Bilbao","","","2","0","finished","false","datahub-football-data","laliga-2025-2026-2025-12-14-celta-ath-bilbao"
"LaLiga","2025/2026","Spain","domestic_league","","2025-12-14T20:00:00+00:00","Alaves","Real Madrid","","","1","2","finished","false","datahub-football-data","laliga-2025-2026-2025-12-14-alaves-real-madrid"
"LaLiga","2025/2026","Spain","domestic_league","","2025-12-15T20:00:00+00:00","Vallecano","Betis","","","0","0","finished","false","datahub-football-data","laliga-2025-2026-2025-12-15-vallecano-betis"
"LaLiga","2025/2026","Spain","domestic_league","","2025-12-19T20:00:00+00:00","Valencia","Mallorca","","","1","1","finished","false","datahub-football-data","laliga-2025-2026-2025-12-19-valencia-mallorca"
"LaLiga","2025/2026","Spain","domestic_league","","2025-12-20T20:00:00+00:00","Oviedo","Celta","","","0","0","finished","false","datahub-football-data","laliga-2025-2026-2025-12-20-oviedo-celta"
"LaLiga","2025/2026","Spain","domestic_league","","2025-12-20T20:00:00+00:00","Levante","Sociedad","","","1","1","finished","false","datahub-football-data","laliga-2025-2026-2025-12-20-levante-sociedad"
"LaLiga","2025/2026","Spain","domestic_league","","2025-12-20T20:00:00+00:00","Osasuna","Alaves","","","3","0","finished","false","datahub-football-data","laliga-2025-2026-2025-12-20-osasuna-alaves"
"LaLiga","2025/2026","Spain","domestic_league","","2025-12-20T20:00:00+00:00","Real Madrid","Sevilla","","","2","0","finished","false","datahub-football-data","laliga-2025-2026-2025-12-20-real-madrid-sevilla"
"LaLiga","2025/2026","Spain","domestic_league","","2025-12-21T20:00:00+00:00","Girona","Ath Madrid","","","0","3","finished","false","datahub-football-data","laliga-2025-2026-2025-12-21-girona-ath-madrid"
"LaLiga","2025/2026","Spain","domestic_league","","2025-12-21T20:00:00+00:00","Villarreal","Barcelona","","","0","2","finished","false","datahub-football-data","laliga-2025-2026-2025-12-21-villarreal-barcelona"
"LaLiga","2025/2026","Spain","domestic_league","","2025-12-21T20:00:00+00:00","Elche","Vallecano","","","4","0","finished","false","datahub-football-data","laliga-2025-2026-2025-12-21-elche-vallecano"
"LaLiga","2025/2026","Spain","domestic_league","","2025-12-21T20:00:00+00:00","Betis","Getafe","","","4","0","finished","false","datahub-football-data","laliga-2025-2026-2025-12-21-betis-getafe"
"LaLiga","2025/2026","Spain","domestic_league","","2025-12-22T20:00:00+00:00","Ath Bilbao","Espanol","","","1","2","finished","false","datahub-football-data","laliga-2025-2026-2025-12-22-ath-bilbao-espanol"
"LaLiga","2025/2026","Spain","domestic_league","","2026-01-02T20:00:00+00:00","Vallecano","Getafe","","","1","1","finished","false","datahub-football-data","laliga-2025-2026-2026-01-02-vallecano-getafe"
"LaLiga","2025/2026","Spain","domestic_league","","2026-01-03T20:00:00+00:00","Celta","Valencia","","","4","1","finished","false","datahub-football-data","laliga-2025-2026-2026-01-03-celta-valencia"
"LaLiga","2025/2026","Spain","domestic_league","","2026-01-03T20:00:00+00:00","Osasuna","Ath Bilbao","","","1","1","finished","false","datahub-football-data","laliga-2025-2026-2026-01-03-osasuna-ath-bilbao"
"LaLiga","2025/2026","Spain","domestic_league","","2026-01-03T20:00:00+00:00","Elche","Villarreal","","","1","3","finished","false","datahub-football-data","laliga-2025-2026-2026-01-03-elche-villarreal"
"LaLiga","2025/2026","Spain","domestic_league","","2026-01-03T20:00:00+00:00","Espanol","Barcelona","","","0","2","finished","false","datahub-football-data","laliga-2025-2026-2026-01-03-espanol-barcelona"
"LaLiga","2025/2026","Spain","domestic_league","","2026-01-04T20:00:00+00:00","Sevilla","Levante","","","0","3","finished","false","datahub-football-data","laliga-2025-2026-2026-01-04-sevilla-levante"
"LaLiga","2025/2026","Spain","domestic_league","","2026-01-04T20:00:00+00:00","Real Madrid","Betis","","","5","1","finished","false","datahub-football-data","laliga-2025-2026-2026-01-04-real-madrid-betis"
"LaLiga","2025/2026","Spain","domestic_league","","2026-01-04T20:00:00+00:00","Alaves","Oviedo","","","1","1","finished","false","datahub-football-data","laliga-2025-2026-2026-01-04-alaves-oviedo"
"LaLiga","2025/2026","Spain","domestic_league","","2026-01-04T20:00:00+00:00","Mallorca","Girona","","","1","2","finished","false","datahub-football-data","laliga-2025-2026-2026-01-04-mallorca-girona"
"LaLiga","2025/2026","Spain","domestic_league","","2026-01-04T20:00:00+00:00","Sociedad","Ath Madrid","","","1","1","finished","false","datahub-football-data","laliga-2025-2026-2026-01-04-sociedad-ath-madrid"
"LaLiga","2025/2026","Spain","domestic_league","","2026-01-09T20:00:00+00:00","Getafe","Sociedad","","","1","2","finished","false","datahub-football-data","laliga-2025-2026-2026-01-09-getafe-sociedad"
"LaLiga","2025/2026","Spain","domestic_league","","2026-01-10T20:00:00+00:00","Oviedo","Betis","","","1","1","finished","false","datahub-football-data","laliga-2025-2026-2026-01-10-oviedo-betis"
"LaLiga","2025/2026","Spain","domestic_league","","2026-01-10T20:00:00+00:00","Villarreal","Alaves","","","3","1","finished","false","datahub-football-data","laliga-2025-2026-2026-01-10-villarreal-alaves"
"LaLiga","2025/2026","Spain","domestic_league","","2026-01-10T20:00:00+00:00","Girona","Osasuna","","","1","0","finished","false","datahub-football-data","laliga-2025-2026-2026-01-10-girona-osasuna"
"LaLiga","2025/2026","Spain","domestic_league","","2026-01-10T20:00:00+00:00","Valencia","Elche","","","1","1","finished","false","datahub-football-data","laliga-2025-2026-2026-01-10-valencia-elche"
"LaLiga","2025/2026","Spain","domestic_league","","2026-01-11T20:00:00+00:00","Vallecano","Mallorca","","","2","1","finished","false","datahub-football-data","laliga-2025-2026-2026-01-11-vallecano-mallorca"
"LaLiga","2025/2026","Spain","domestic_league","","2026-01-11T20:00:00+00:00","Levante","Espanol","","","1","1","finished","false","datahub-football-data","laliga-2025-2026-2026-01-11-levante-espanol"
"LaLiga","2025/2026","Spain","domestic_league","","2026-01-12T20:00:00+00:00","Sevilla","Celta","","","0","1","finished","false","datahub-football-data","laliga-2025-2026-2026-01-12-sevilla-celta"
"LaLiga","2025/2026","Spain","domestic_league","","2026-01-16T20:00:00+00:00","Espanol","Girona","","","0","2","finished","false","datahub-football-data","laliga-2025-2026-2026-01-16-espanol-girona"
"LaLiga","2025/2026","Spain","domestic_league","","2026-01-17T20:00:00+00:00","Real Madrid","Levante","","","2","0","finished","false","datahub-football-data","laliga-2025-2026-2026-01-17-real-madrid-levante"
"LaLiga","2025/2026","Spain","domestic_league","","2026-01-17T20:00:00+00:00","Mallorca","Ath Bilbao","","","3","2","finished","false","datahub-football-data","laliga-2025-2026-2026-01-17-mallorca-ath-bilbao"
"LaLiga","2025/2026","Spain","domestic_league","","2026-01-17T20:00:00+00:00","Osasuna","Oviedo","","","3","2","finished","false","datahub-football-data","laliga-2025-2026-2026-01-17-osasuna-oviedo"
"LaLiga","2025/2026","Spain","domestic_league","","2026-01-17T20:00:00+00:00","Betis","Villarreal","","","2","0","finished","false","datahub-football-data","laliga-2025-2026-2026-01-17-betis-villarreal"
"LaLiga","2025/2026","Spain","domestic_league","","2026-01-18T20:00:00+00:00","Getafe","Valencia","","","0","1","finished","false","datahub-football-data","laliga-2025-2026-2026-01-18-getafe-valencia"
"LaLiga","2025/2026","Spain","domestic_league","","2026-01-18T20:00:00+00:00","Ath Madrid","Alaves","","","1","0","finished","false","datahub-football-data","laliga-2025-2026-2026-01-18-ath-madrid-alaves"
"LaLiga","2025/2026","Spain","domestic_league","","2026-01-18T20:00:00+00:00","Celta","Vallecano","","","3","0","finished","false","datahub-football-data","laliga-2025-2026-2026-01-18-celta-vallecano"
"LaLiga","2025/2026","Spain","domestic_league","","2026-01-18T20:00:00+00:00","Sociedad","Barcelona","","","2","1","finished","false","datahub-football-data","laliga-2025-2026-2026-01-18-sociedad-barcelona"
"LaLiga","2025/2026","Spain","domestic_league","","2026-01-19T20:00:00+00:00","Elche","Sevilla","","","2","2","finished","false","datahub-football-data","laliga-2025-2026-2026-01-19-elche-sevilla"
"LaLiga","2025/2026","Spain","domestic_league","","2026-01-23T20:00:00+00:00","Levante","Elche","","","3","2","finished","false","datahub-football-data","laliga-2025-2026-2026-01-23-levante-elche"
"LaLiga","2025/2026","Spain","domestic_league","","2026-01-24T20:00:00+00:00","Vallecano","Osasuna","","","1","3","finished","false","datahub-football-data","laliga-2025-2026-2026-01-24-vallecano-osasuna"
"LaLiga","2025/2026","Spain","domestic_league","","2026-01-24T20:00:00+00:00","Valencia","Espanol","","","3","2","finished","false","datahub-football-data","laliga-2025-2026-2026-01-24-valencia-espanol"
"LaLiga","2025/2026","Spain","domestic_league","","2026-01-24T20:00:00+00:00","Sevilla","Ath Bilbao","","","2","1","finished","false","datahub-football-data","laliga-2025-2026-2026-01-24-sevilla-ath-bilbao"
"LaLiga","2025/2026","Spain","domestic_league","","2026-01-24T20:00:00+00:00","Villarreal","Real Madrid","","","0","2","finished","false","datahub-football-data","laliga-2025-2026-2026-01-24-villarreal-real-madrid"
"LaLiga","2025/2026","Spain","domestic_league","","2026-01-25T20:00:00+00:00","Ath Madrid","Mallorca","","","3","0","finished","false","datahub-football-data","laliga-2025-2026-2026-01-25-ath-madrid-mallorca"
"LaLiga","2025/2026","Spain","domestic_league","","2026-01-25T20:00:00+00:00","Barcelona","Oviedo","","","3","0","finished","false","datahub-football-data","laliga-2025-2026-2026-01-25-barcelona-oviedo"
"LaLiga","2025/2026","Spain","domestic_league","","2026-01-25T20:00:00+00:00","Sociedad","Celta","","","3","1","finished","false","datahub-football-data","laliga-2025-2026-2026-01-25-sociedad-celta"
"LaLiga","2025/2026","Spain","domestic_league","","2026-01-25T20:00:00+00:00","Alaves","Betis","","","2","1","finished","false","datahub-football-data","laliga-2025-2026-2026-01-25-alaves-betis"
"LaLiga","2025/2026","Spain","domestic_league","","2026-01-26T20:00:00+00:00","Girona","Getafe","","","1","1","finished","false","datahub-football-data","laliga-2025-2026-2026-01-26-girona-getafe"
"LaLiga","2025/2026","Spain","domestic_league","","2026-01-30T20:00:00+00:00","Espanol","Alaves","","","1","2","finished","false","datahub-football-data","laliga-2025-2026-2026-01-30-espanol-alaves"
"LaLiga","2025/2026","Spain","domestic_league","","2026-01-31T20:00:00+00:00","Oviedo","Girona","","","1","0","finished","false","datahub-football-data","laliga-2025-2026-2026-01-31-oviedo-girona"
"LaLiga","2025/2026","Spain","domestic_league","","2026-01-31T20:00:00+00:00","Osasuna","Villarreal","","","2","2","finished","false","datahub-football-data","laliga-2025-2026-2026-01-31-osasuna-villarreal"
"LaLiga","2025/2026","Spain","domestic_league","","2026-01-31T20:00:00+00:00","Levante","Ath Madrid","","","0","0","finished","false","datahub-football-data","laliga-2025-2026-2026-01-31-levante-ath-madrid"
"LaLiga","2025/2026","Spain","domestic_league","","2026-01-31T20:00:00+00:00","Elche","Barcelona","","","1","3","finished","false","datahub-football-data","laliga-2025-2026-2026-01-31-elche-barcelona"
"LaLiga","2025/2026","Spain","domestic_league","","2026-02-01T20:00:00+00:00","Real Madrid","Vallecano","","","2","1","finished","false","datahub-football-data","laliga-2025-2026-2026-02-01-real-madrid-vallecano"
"LaLiga","2025/2026","Spain","domestic_league","","2026-02-01T20:00:00+00:00","Betis","Valencia","","","2","1","finished","false","datahub-football-data","laliga-2025-2026-2026-02-01-betis-valencia"
"LaLiga","2025/2026","Spain","domestic_league","","2026-02-01T20:00:00+00:00","Getafe","Celta","","","0","0","finished","false","datahub-football-data","laliga-2025-2026-2026-02-01-getafe-celta"
"LaLiga","2025/2026","Spain","domestic_league","","2026-02-01T20:00:00+00:00","Ath Bilbao","Sociedad","","","1","1","finished","false","datahub-football-data","laliga-2025-2026-2026-02-01-ath-bilbao-sociedad"
"LaLiga","2025/2026","Spain","domestic_league","","2026-02-02T20:00:00+00:00","Mallorca","Sevilla","","","4","1","finished","false","datahub-football-data","laliga-2025-2026-2026-02-02-mallorca-sevilla"
"LaLiga","2025/2026","Spain","domestic_league","","2026-02-06T20:00:00+00:00","Celta","Osasuna","","","1","2","finished","false","datahub-football-data","laliga-2025-2026-2026-02-06-celta-osasuna"
"LaLiga","2025/2026","Spain","domestic_league","","2026-02-07T20:00:00+00:00","Barcelona","Mallorca","","","3","0","finished","false","datahub-football-data","laliga-2025-2026-2026-02-07-barcelona-mallorca"
"LaLiga","2025/2026","Spain","domestic_league","","2026-02-07T20:00:00+00:00","Sociedad","Elche","","","3","1","finished","false","datahub-football-data","laliga-2025-2026-2026-02-07-sociedad-elche"
"LaLiga","2025/2026","Spain","domestic_league","","2026-02-08T20:00:00+00:00","Alaves","Getafe","","","0","2","finished","false","datahub-football-data","laliga-2025-2026-2026-02-08-alaves-getafe"
"LaLiga","2025/2026","Spain","domestic_league","","2026-02-08T20:00:00+00:00","Ath Bilbao","Levante","","","4","2","finished","false","datahub-football-data","laliga-2025-2026-2026-02-08-ath-bilbao-levante"
"LaLiga","2025/2026","Spain","domestic_league","","2026-02-08T20:00:00+00:00","Sevilla","Girona","","","1","1","finished","false","datahub-football-data","laliga-2025-2026-2026-02-08-sevilla-girona"
"LaLiga","2025/2026","Spain","domestic_league","","2026-02-08T20:00:00+00:00","Ath Madrid","Betis","","","0","1","finished","false","datahub-football-data","laliga-2025-2026-2026-02-08-ath-madrid-betis"
"LaLiga","2025/2026","Spain","domestic_league","","2026-02-08T20:00:00+00:00","Valencia","Real Madrid","","","0","2","finished","false","datahub-football-data","laliga-2025-2026-2026-02-08-valencia-real-madrid"
"LaLiga","2025/2026","Spain","domestic_league","","2026-02-09T20:00:00+00:00","Villarreal","Espanol","","","4","1","finished","false","datahub-football-data","laliga-2025-2026-2026-02-09-villarreal-espanol"
"LaLiga","2025/2026","Spain","domestic_league","","2026-02-13T20:00:00+00:00","Elche","Osasuna","","","0","0","finished","false","datahub-football-data","laliga-2025-2026-2026-02-13-elche-osasuna"
"LaLiga","2025/2026","Spain","domestic_league","","2026-02-14T20:00:00+00:00","Espanol","Celta","","","2","2","finished","false","datahub-football-data","laliga-2025-2026-2026-02-14-espanol-celta"
"LaLiga","2025/2026","Spain","domestic_league","","2026-02-14T20:00:00+00:00","Getafe","Villarreal","","","2","1","finished","false","datahub-football-data","laliga-2025-2026-2026-02-14-getafe-villarreal"
"LaLiga","2025/2026","Spain","domestic_league","","2026-02-14T20:00:00+00:00","Sevilla","Alaves","","","1","1","finished","false","datahub-football-data","laliga-2025-2026-2026-02-14-sevilla-alaves"
"LaLiga","2025/2026","Spain","domestic_league","","2026-02-14T20:00:00+00:00","Real Madrid","Sociedad","","","4","1","finished","false","datahub-football-data","laliga-2025-2026-2026-02-14-real-madrid-sociedad"
"LaLiga","2025/2026","Spain","domestic_league","","2026-02-15T20:00:00+00:00","Oviedo","Ath Bilbao","","","1","2","finished","false","datahub-football-data","laliga-2025-2026-2026-02-15-oviedo-ath-bilbao"
"LaLiga","2025/2026","Spain","domestic_league","","2026-02-15T20:00:00+00:00","Vallecano","Ath Madrid","","","3","0","finished","false","datahub-football-data","laliga-2025-2026-2026-02-15-vallecano-ath-madrid"
"LaLiga","2025/2026","Spain","domestic_league","","2026-02-15T20:00:00+00:00","Levante","Valencia","","","0","2","finished","false","datahub-football-data","laliga-2025-2026-2026-02-15-levante-valencia"
"LaLiga","2025/2026","Spain","domestic_league","","2026-02-15T20:00:00+00:00","Mallorca","Betis","","","1","2","finished","false","datahub-football-data","laliga-2025-2026-2026-02-15-mallorca-betis"
"LaLiga","2025/2026","Spain","domestic_league","","2026-02-16T20:00:00+00:00","Girona","Barcelona","","","2","1","finished","false","datahub-football-data","laliga-2025-2026-2026-02-16-girona-barcelona"
"LaLiga","2025/2026","Spain","domestic_league","","2026-02-18T20:00:00+00:00","Levante","Villarreal","","","0","1","finished","false","datahub-football-data","laliga-2025-2026-2026-02-18-levante-villarreal"
"LaLiga","2025/2026","Spain","domestic_league","","2026-02-20T20:00:00+00:00","Ath Bilbao","Elche","","","2","1","finished","false","datahub-football-data","laliga-2025-2026-2026-02-20-ath-bilbao-elche"
"LaLiga","2025/2026","Spain","domestic_league","","2026-02-21T20:00:00+00:00","Sociedad","Oviedo","","","3","3","finished","false","datahub-football-data","laliga-2025-2026-2026-02-21-sociedad-oviedo"
"LaLiga","2025/2026","Spain","domestic_league","","2026-02-21T20:00:00+00:00","Betis","Vallecano","","","1","1","finished","false","datahub-football-data","laliga-2025-2026-2026-02-21-betis-vallecano"
"LaLiga","2025/2026","Spain","domestic_league","","2026-02-21T20:00:00+00:00","Osasuna","Real Madrid","","","2","1","finished","false","datahub-football-data","laliga-2025-2026-2026-02-21-osasuna-real-madrid"
"LaLiga","2025/2026","Spain","domestic_league","","2026-02-21T20:00:00+00:00","Ath Madrid","Espanol","","","4","2","finished","false","datahub-football-data","laliga-2025-2026-2026-02-21-ath-madrid-espanol"
"LaLiga","2025/2026","Spain","domestic_league","","2026-02-22T20:00:00+00:00","Getafe","Sevilla","","","0","1","finished","false","datahub-football-data","laliga-2025-2026-2026-02-22-getafe-sevilla"
"LaLiga","2025/2026","Spain","domestic_league","","2026-02-22T20:00:00+00:00","Barcelona","Levante","","","3","0","finished","false","datahub-football-data","laliga-2025-2026-2026-02-22-barcelona-levante"
"LaLiga","2025/2026","Spain","domestic_league","","2026-02-22T20:00:00+00:00","Celta","Mallorca","","","2","0","finished","false","datahub-football-data","laliga-2025-2026-2026-02-22-celta-mallorca"
"LaLiga","2025/2026","Spain","domestic_league","","2026-02-22T20:00:00+00:00","Villarreal","Valencia","","","2","1","finished","false","datahub-football-data","laliga-2025-2026-2026-02-22-villarreal-valencia"
"LaLiga","2025/2026","Spain","domestic_league","","2026-02-23T20:00:00+00:00","Alaves","Girona","","","2","2","finished","false","datahub-football-data","laliga-2025-2026-2026-02-23-alaves-girona"
"LaLiga","2025/2026","Spain","domestic_league","","2026-02-27T20:00:00+00:00","Levante","Alaves","","","2","0","finished","false","datahub-football-data","laliga-2025-2026-2026-02-27-levante-alaves"
"LaLiga","2025/2026","Spain","domestic_league","","2026-02-28T20:00:00+00:00","Vallecano","Ath Bilbao","","","1","1","finished","false","datahub-football-data","laliga-2025-2026-2026-02-28-vallecano-ath-bilbao"
"LaLiga","2025/2026","Spain","domestic_league","","2026-02-28T20:00:00+00:00","Barcelona","Villarreal","","","4","1","finished","false","datahub-football-data","laliga-2025-2026-2026-02-28-barcelona-villarreal"
"LaLiga","2025/2026","Spain","domestic_league","","2026-02-28T20:00:00+00:00","Mallorca","Sociedad","","","0","1","finished","false","datahub-football-data","laliga-2025-2026-2026-02-28-mallorca-sociedad"
"LaLiga","2025/2026","Spain","domestic_league","","2026-02-28T20:00:00+00:00","Oviedo","Ath Madrid","","","0","1","finished","false","datahub-football-data","laliga-2025-2026-2026-02-28-oviedo-ath-madrid"
"LaLiga","2025/2026","Spain","domestic_league","","2026-03-01T20:00:00+00:00","Elche","Espanol","","","2","2","finished","false","datahub-football-data","laliga-2025-2026-2026-03-01-elche-espanol"
"LaLiga","2025/2026","Spain","domestic_league","","2026-03-01T20:00:00+00:00","Valencia","Osasuna","","","1","0","finished","false","datahub-football-data","laliga-2025-2026-2026-03-01-valencia-osasuna"
"LaLiga","2025/2026","Spain","domestic_league","","2026-03-01T20:00:00+00:00","Betis","Sevilla","","","2","2","finished","false","datahub-football-data","laliga-2025-2026-2026-03-01-betis-sevilla"
"LaLiga","2025/2026","Spain","domestic_league","","2026-03-01T20:00:00+00:00","Girona","Celta","","","1","2","finished","false","datahub-football-data","laliga-2025-2026-2026-03-01-girona-celta"
"LaLiga","2025/2026","Spain","domestic_league","","2026-03-02T20:00:00+00:00","Real Madrid","Getafe","","","0","1","finished","false","datahub-football-data","laliga-2025-2026-2026-03-02-real-madrid-getafe"
"LaLiga","2025/2026","Spain","domestic_league","","2026-03-04T20:00:00+00:00","Vallecano","Oviedo","","","3","0","finished","false","datahub-football-data","laliga-2025-2026-2026-03-04-vallecano-oviedo"
"LaLiga","2025/2026","Spain","domestic_league","","2026-03-06T20:00:00+00:00","Celta","Real Madrid","","","1","2","finished","false","datahub-football-data","laliga-2025-2026-2026-03-06-celta-real-madrid"
"LaLiga","2025/2026","Spain","domestic_league","","2026-03-07T20:00:00+00:00","Osasuna","Mallorca","","","2","2","finished","false","datahub-football-data","laliga-2025-2026-2026-03-07-osasuna-mallorca"
"LaLiga","2025/2026","Spain","domestic_league","","2026-03-07T20:00:00+00:00","Levante","Girona","","","1","1","finished","false","datahub-football-data","laliga-2025-2026-2026-03-07-levante-girona"
"LaLiga","2025/2026","Spain","domestic_league","","2026-03-07T20:00:00+00:00","Ath Madrid","Sociedad","","","3","2","finished","false","datahub-football-data","laliga-2025-2026-2026-03-07-ath-madrid-sociedad"
"LaLiga","2025/2026","Spain","domestic_league","","2026-03-07T20:00:00+00:00","Ath Bilbao","Barcelona","","","0","1","finished","false","datahub-football-data","laliga-2025-2026-2026-03-07-ath-bilbao-barcelona"
"LaLiga","2025/2026","Spain","domestic_league","","2026-03-08T20:00:00+00:00","Villarreal","Elche","","","2","1","finished","false","datahub-football-data","laliga-2025-2026-2026-03-08-villarreal-elche"
"LaLiga","2025/2026","Spain","domestic_league","","2026-03-08T20:00:00+00:00","Getafe","Betis","","","2","0","finished","false","datahub-football-data","laliga-2025-2026-2026-03-08-getafe-betis"
"LaLiga","2025/2026","Spain","domestic_league","","2026-03-08T20:00:00+00:00","Sevilla","Vallecano","","","1","1","finished","false","datahub-football-data","laliga-2025-2026-2026-03-08-sevilla-vallecano"
"LaLiga","2025/2026","Spain","domestic_league","","2026-03-08T20:00:00+00:00","Valencia","Alaves","","","3","2","finished","false","datahub-football-data","laliga-2025-2026-2026-03-08-valencia-alaves"
"LaLiga","2025/2026","Spain","domestic_league","","2026-03-09T20:00:00+00:00","Espanol","Oviedo","","","1","1","finished","false","datahub-football-data","laliga-2025-2026-2026-03-09-espanol-oviedo"
"LaLiga","2025/2026","Spain","domestic_league","","2026-03-13T20:00:00+00:00","Alaves","Villarreal","","","1","1","finished","false","datahub-football-data","laliga-2025-2026-2026-03-13-alaves-villarreal"
"LaLiga","2025/2026","Spain","domestic_league","","2026-03-14T20:00:00+00:00","Girona","Ath Bilbao","","","3","0","finished","false","datahub-football-data","laliga-2025-2026-2026-03-14-girona-ath-bilbao"
"LaLiga","2025/2026","Spain","domestic_league","","2026-03-14T20:00:00+00:00","Ath Madrid","Getafe","","","1","0","finished","false","datahub-football-data","laliga-2025-2026-2026-03-14-ath-madrid-getafe"
"LaLiga","2025/2026","Spain","domestic_league","","2026-03-14T20:00:00+00:00","Oviedo","Valencia","","","1","0","finished","false","datahub-football-data","laliga-2025-2026-2026-03-14-oviedo-valencia"
"LaLiga","2025/2026","Spain","domestic_league","","2026-03-14T20:00:00+00:00","Real Madrid","Elche","","","4","1","finished","false","datahub-football-data","laliga-2025-2026-2026-03-14-real-madrid-elche"
"LaLiga","2025/2026","Spain","domestic_league","","2026-03-15T20:00:00+00:00","Mallorca","Espanol","","","2","1","finished","false","datahub-football-data","laliga-2025-2026-2026-03-15-mallorca-espanol"
"LaLiga","2025/2026","Spain","domestic_league","","2026-03-15T20:00:00+00:00","Barcelona","Sevilla","","","5","2","finished","false","datahub-football-data","laliga-2025-2026-2026-03-15-barcelona-sevilla"
"LaLiga","2025/2026","Spain","domestic_league","","2026-03-15T20:00:00+00:00","Betis","Celta","","","1","1","finished","false","datahub-football-data","laliga-2025-2026-2026-03-15-betis-celta"
"LaLiga","2025/2026","Spain","domestic_league","","2026-03-15T20:00:00+00:00","Sociedad","Osasuna","","","3","1","finished","false","datahub-football-data","laliga-2025-2026-2026-03-15-sociedad-osasuna"
"LaLiga","2025/2026","Spain","domestic_league","","2026-03-16T20:00:00+00:00","Vallecano","Levante","","","1","1","finished","false","datahub-football-data","laliga-2025-2026-2026-03-16-vallecano-levante"
"LaLiga","2025/2026","Spain","domestic_league","","2026-03-20T20:00:00+00:00","Villarreal","Sociedad","","","3","1","finished","false","datahub-football-data","laliga-2025-2026-2026-03-20-villarreal-sociedad"
"LaLiga","2025/2026","Spain","domestic_league","","2026-03-21T20:00:00+00:00","Elche","Mallorca","","","2","1","finished","false","datahub-football-data","laliga-2025-2026-2026-03-21-elche-mallorca"
"LaLiga","2025/2026","Spain","domestic_league","","2026-03-21T20:00:00+00:00","Espanol","Getafe","","","1","2","finished","false","datahub-football-data","laliga-2025-2026-2026-03-21-espanol-getafe"
"LaLiga","2025/2026","Spain","domestic_league","","2026-03-21T20:00:00+00:00","Levante","Oviedo","","","4","2","finished","false","datahub-football-data","laliga-2025-2026-2026-03-21-levante-oviedo"
"LaLiga","2025/2026","Spain","domestic_league","","2026-03-21T20:00:00+00:00","Osasuna","Girona","","","1","0","finished","false","datahub-football-data","laliga-2025-2026-2026-03-21-osasuna-girona"
"LaLiga","2025/2026","Spain","domestic_league","","2026-03-21T20:00:00+00:00","Sevilla","Valencia","","","0","2","finished","false","datahub-football-data","laliga-2025-2026-2026-03-21-sevilla-valencia"
"LaLiga","2025/2026","Spain","domestic_league","","2026-03-22T20:00:00+00:00","Barcelona","Vallecano","","","1","0","finished","false","datahub-football-data","laliga-2025-2026-2026-03-22-barcelona-vallecano"
"LaLiga","2025/2026","Spain","domestic_league","","2026-03-22T20:00:00+00:00","Celta","Alaves","","","3","4","finished","false","datahub-football-data","laliga-2025-2026-2026-03-22-celta-alaves"
"LaLiga","2025/2026","Spain","domestic_league","","2026-03-22T20:00:00+00:00","Ath Bilbao","Betis","","","2","1","finished","false","datahub-football-data","laliga-2025-2026-2026-03-22-ath-bilbao-betis"
"LaLiga","2025/2026","Spain","domestic_league","","2026-03-22T20:00:00+00:00","Real Madrid","Ath Madrid","","","3","2","finished","false","datahub-football-data","laliga-2025-2026-2026-03-22-real-madrid-ath-madrid"
"LaLiga","2025/2026","Spain","domestic_league","","2026-04-03T20:00:00+00:00","Vallecano","Elche","","","1","0","finished","false","datahub-football-data","laliga-2025-2026-2026-04-03-vallecano-elche"
"LaLiga","2025/2026","Spain","domestic_league","","2026-04-04T20:00:00+00:00","Sociedad","Levante","","","2","0","finished","false","datahub-football-data","laliga-2025-2026-2026-04-04-sociedad-levante"
"LaLiga","2025/2026","Spain","domestic_league","","2026-04-04T20:00:00+00:00","Mallorca","Real Madrid","","","2","1","finished","false","datahub-football-data","laliga-2025-2026-2026-04-04-mallorca-real-madrid"
"LaLiga","2025/2026","Spain","domestic_league","","2026-04-04T20:00:00+00:00","Betis","Espanol","","","0","0","finished","false","datahub-football-data","laliga-2025-2026-2026-04-04-betis-espanol"
"LaLiga","2025/2026","Spain","domestic_league","","2026-04-04T20:00:00+00:00","Ath Madrid","Barcelona","","","1","2","finished","false","datahub-football-data","laliga-2025-2026-2026-04-04-ath-madrid-barcelona"
"LaLiga","2025/2026","Spain","domestic_league","","2026-04-05T20:00:00+00:00","Getafe","Ath Bilbao","","","2","0","finished","false","datahub-football-data","laliga-2025-2026-2026-04-05-getafe-ath-bilbao"
"LaLiga","2025/2026","Spain","domestic_league","","2026-04-05T20:00:00+00:00","Valencia","Celta","","","2","3","finished","false","datahub-football-data","laliga-2025-2026-2026-04-05-valencia-celta"
"LaLiga","2025/2026","Spain","domestic_league","","2026-04-05T20:00:00+00:00","Oviedo","Sevilla","","","1","0","finished","false","datahub-football-data","laliga-2025-2026-2026-04-05-oviedo-sevilla"
"LaLiga","2025/2026","Spain","domestic_league","","2026-04-05T20:00:00+00:00","Alaves","Osasuna","","","2","2","finished","false","datahub-football-data","laliga-2025-2026-2026-04-05-alaves-osasuna"
"LaLiga","2025/2026","Spain","domestic_league","","2026-04-06T20:00:00+00:00","Girona","Villarreal","","","1","0","finished","false","datahub-football-data","laliga-2025-2026-2026-04-06-girona-villarreal"
"LaLiga","2025/2026","Spain","domestic_league","","2026-04-10T20:00:00+00:00","Real Madrid","Girona","","","1","1","finished","false","datahub-football-data","laliga-2025-2026-2026-04-10-real-madrid-girona"
"LaLiga","2025/2026","Spain","domestic_league","","2026-04-11T20:00:00+00:00","Sociedad","Alaves","","","3","3","finished","false","datahub-football-data","laliga-2025-2026-2026-04-11-sociedad-alaves"
"LaLiga","2025/2026","Spain","domestic_league","","2026-04-11T20:00:00+00:00","Elche","Valencia","","","1","0","finished","false","datahub-football-data","laliga-2025-2026-2026-04-11-elche-valencia"
"LaLiga","2025/2026","Spain","domestic_league","","2026-04-11T20:00:00+00:00","Barcelona","Espanol","","","4","1","finished","false","datahub-football-data","laliga-2025-2026-2026-04-11-barcelona-espanol"
"LaLiga","2025/2026","Spain","domestic_league","","2026-04-11T20:00:00+00:00","Sevilla","Ath Madrid","","","2","1","finished","false","datahub-football-data","laliga-2025-2026-2026-04-11-sevilla-ath-madrid"
"LaLiga","2025/2026","Spain","domestic_league","","2026-04-12T20:00:00+00:00","Osasuna","Betis","","","1","1","finished","false","datahub-football-data","laliga-2025-2026-2026-04-12-osasuna-betis"
"LaLiga","2025/2026","Spain","domestic_league","","2026-04-12T20:00:00+00:00","Mallorca","Vallecano","","","3","0","finished","false","datahub-football-data","laliga-2025-2026-2026-04-12-mallorca-vallecano"
"LaLiga","2025/2026","Spain","domestic_league","","2026-04-12T20:00:00+00:00","Celta","Oviedo","","","0","3","finished","false","datahub-football-data","laliga-2025-2026-2026-04-12-celta-oviedo"
"LaLiga","2025/2026","Spain","domestic_league","","2026-04-12T20:00:00+00:00","Ath Bilbao","Villarreal","","","1","2","finished","false","datahub-football-data","laliga-2025-2026-2026-04-12-ath-bilbao-villarreal"
"LaLiga","2025/2026","Spain","domestic_league","","2026-04-13T20:00:00+00:00","Levante","Getafe","","","1","0","finished","false","datahub-football-data","laliga-2025-2026-2026-04-13-levante-getafe"
"LaLiga","2025/2026","Spain","domestic_league","","2026-04-21T20:00:00+00:00","Ath Bilbao","Osasuna","","","1","0","finished","false","datahub-football-data","laliga-2025-2026-2026-04-21-ath-bilbao-osasuna"
"LaLiga","2025/2026","Spain","domestic_league","","2026-04-21T20:00:00+00:00","Mallorca","Valencia","","","1","1","finished","false","datahub-football-data","laliga-2025-2026-2026-04-21-mallorca-valencia"
"LaLiga","2025/2026","Spain","domestic_league","","2026-04-21T20:00:00+00:00","Girona","Betis","","","2","3","finished","false","datahub-football-data","laliga-2025-2026-2026-04-21-girona-betis"
"LaLiga","2025/2026","Spain","domestic_league","","2026-04-21T20:00:00+00:00","Real Madrid","Alaves","","","2","1","finished","false","datahub-football-data","laliga-2025-2026-2026-04-21-real-madrid-alaves"
"LaLiga","2025/2026","Spain","domestic_league","","2026-04-22T20:00:00+00:00","Elche","Ath Madrid","","","3","2","finished","false","datahub-football-data","laliga-2025-2026-2026-04-22-elche-ath-madrid"
"LaLiga","2025/2026","Spain","domestic_league","","2026-04-22T20:00:00+00:00","Sociedad","Getafe","","","0","1","finished","false","datahub-football-data","laliga-2025-2026-2026-04-22-sociedad-getafe"
"LaLiga","2025/2026","Spain","domestic_league","","2026-04-22T20:00:00+00:00","Barcelona","Celta","","","1","0","finished","false","datahub-football-data","laliga-2025-2026-2026-04-22-barcelona-celta"
"LaLiga","2025/2026","Spain","domestic_league","","2026-04-23T20:00:00+00:00","Levante","Sevilla","","","2","0","finished","false","datahub-football-data","laliga-2025-2026-2026-04-23-levante-sevilla"
"LaLiga","2025/2026","Spain","domestic_league","","2026-04-23T20:00:00+00:00","Vallecano","Espanol","","","1","0","finished","false","datahub-football-data","laliga-2025-2026-2026-04-23-vallecano-espanol"
"LaLiga","2025/2026","Spain","domestic_league","","2026-04-23T20:00:00+00:00","Oviedo","Villarreal","","","1","1","finished","false","datahub-football-data","laliga-2025-2026-2026-04-23-oviedo-villarreal"
"LaLiga","2025/2026","Spain","domestic_league","","2026-04-24T20:00:00+00:00","Betis","Real Madrid","","","1","1","finished","false","datahub-football-data","laliga-2025-2026-2026-04-24-betis-real-madrid"
"LaLiga","2025/2026","Spain","domestic_league","","2026-04-25T20:00:00+00:00","Alaves","Mallorca","","","2","1","finished","false","datahub-football-data","laliga-2025-2026-2026-04-25-alaves-mallorca"
"LaLiga","2025/2026","Spain","domestic_league","","2026-04-25T20:00:00+00:00","Getafe","Barcelona","","","0","2","finished","false","datahub-football-data","laliga-2025-2026-2026-04-25-getafe-barcelona"
"LaLiga","2025/2026","Spain","domestic_league","","2026-04-25T20:00:00+00:00","Valencia","Girona","","","2","1","finished","false","datahub-football-data","laliga-2025-2026-2026-04-25-valencia-girona"
"LaLiga","2025/2026","Spain","domestic_league","","2026-04-25T20:00:00+00:00","Ath Madrid","Ath Bilbao","","","3","2","finished","false","datahub-football-data","laliga-2025-2026-2026-04-25-ath-madrid-ath-bilbao"
"LaLiga","2025/2026","Spain","domestic_league","","2026-04-26T20:00:00+00:00","Vallecano","Sociedad","","","3","3","finished","false","datahub-football-data","laliga-2025-2026-2026-04-26-vallecano-sociedad"
"LaLiga","2025/2026","Spain","domestic_league","","2026-04-26T20:00:00+00:00","Oviedo","Elche","","","1","2","finished","false","datahub-football-data","laliga-2025-2026-2026-04-26-oviedo-elche"
"LaLiga","2025/2026","Spain","domestic_league","","2026-04-26T20:00:00+00:00","Osasuna","Sevilla","","","2","1","finished","false","datahub-football-data","laliga-2025-2026-2026-04-26-osasuna-sevilla"
"LaLiga","2025/2026","Spain","domestic_league","","2026-04-26T20:00:00+00:00","Villarreal","Celta","","","2","1","finished","false","datahub-football-data","laliga-2025-2026-2026-04-26-villarreal-celta"
"LaLiga","2025/2026","Spain","domestic_league","","2026-04-27T20:00:00+00:00","Espanol","Levante","","","0","0","finished","false","datahub-football-data","laliga-2025-2026-2026-04-27-espanol-levante"
"LaLiga","2025/2026","Spain","domestic_league","","2026-05-01T20:00:00+00:00","Girona","Mallorca","","","0","1","finished","false","datahub-football-data","laliga-2025-2026-2026-05-01-girona-mallorca"
"LaLiga","2025/2026","Spain","domestic_league","","2026-05-02T20:00:00+00:00","Villarreal","Levante","","","5","1","finished","false","datahub-football-data","laliga-2025-2026-2026-05-02-villarreal-levante"
"LaLiga","2025/2026","Spain","domestic_league","","2026-05-02T20:00:00+00:00","Valencia","Ath Madrid","","","0","2","finished","false","datahub-football-data","laliga-2025-2026-2026-05-02-valencia-ath-madrid"
"LaLiga","2025/2026","Spain","domestic_league","","2026-05-02T20:00:00+00:00","Alaves","Ath Bilbao","","","2","4","finished","false","datahub-football-data","laliga-2025-2026-2026-05-02-alaves-ath-bilbao"
"LaLiga","2025/2026","Spain","domestic_league","","2026-05-02T20:00:00+00:00","Osasuna","Barcelona","","","1","2","finished","false","datahub-football-data","laliga-2025-2026-2026-05-02-osasuna-barcelona"
"LaLiga","2025/2026","Spain","domestic_league","","2026-05-03T20:00:00+00:00","Celta","Elche","","","3","1","finished","false","datahub-football-data","laliga-2025-2026-2026-05-03-celta-elche"
"LaLiga","2025/2026","Spain","domestic_league","","2026-05-03T20:00:00+00:00","Getafe","Vallecano","","","0","2","finished","false","datahub-football-data","laliga-2025-2026-2026-05-03-getafe-vallecano"
"LaLiga","2025/2026","Spain","domestic_league","","2026-05-03T20:00:00+00:00","Betis","Oviedo","","","3","0","finished","false","datahub-football-data","laliga-2025-2026-2026-05-03-betis-oviedo"
"LaLiga","2025/2026","Spain","domestic_league","","2026-05-03T20:00:00+00:00","Espanol","Real Madrid","","","0","2","finished","false","datahub-football-data","laliga-2025-2026-2026-05-03-espanol-real-madrid"
"LaLiga","2025/2026","Spain","domestic_league","","2026-05-04T20:00:00+00:00","Sevilla","Sociedad","","","1","0","finished","false","datahub-football-data","laliga-2025-2026-2026-05-04-sevilla-sociedad"
"LaLiga","2025/2026","Spain","domestic_league","","2026-05-08T20:00:00+00:00","Levante","Osasuna","","","3","2","finished","false","datahub-football-data","laliga-2025-2026-2026-05-08-levante-osasuna"
"LaLiga","2025/2026","Spain","domestic_league","","2026-05-09T20:00:00+00:00","Elche","Alaves","","","1","1","finished","false","datahub-football-data","laliga-2025-2026-2026-05-09-elche-alaves"
"LaLiga","2025/2026","Spain","domestic_league","","2026-05-09T20:00:00+00:00","Sevilla","Espanol","","","2","1","finished","false","datahub-football-data","laliga-2025-2026-2026-05-09-sevilla-espanol"
"LaLiga","2025/2026","Spain","domestic_league","","2026-05-09T20:00:00+00:00","Ath Madrid","Celta","","","0","1","finished","false","datahub-football-data","laliga-2025-2026-2026-05-09-ath-madrid-celta"
"LaLiga","2025/2026","Spain","domestic_league","","2026-05-09T20:00:00+00:00","Sociedad","Betis","","","2","2","finished","false","datahub-football-data","laliga-2025-2026-2026-05-09-sociedad-betis"
"LaLiga","2025/2026","Spain","domestic_league","","2026-05-10T20:00:00+00:00","Mallorca","Villarreal","","","1","1","finished","false","datahub-football-data","laliga-2025-2026-2026-05-10-mallorca-villarreal"
"LaLiga","2025/2026","Spain","domestic_league","","2026-05-10T20:00:00+00:00","Ath Bilbao","Valencia","","","0","1","finished","false","datahub-football-data","laliga-2025-2026-2026-05-10-ath-bilbao-valencia"
"LaLiga","2025/2026","Spain","domestic_league","","2026-05-10T20:00:00+00:00","Oviedo","Getafe","","","0","0","finished","false","datahub-football-data","laliga-2025-2026-2026-05-10-oviedo-getafe"
"LaLiga","2025/2026","Spain","domestic_league","","2026-05-10T20:00:00+00:00","Barcelona","Real Madrid","","","2","0","finished","false","datahub-football-data","laliga-2025-2026-2026-05-10-barcelona-real-madrid"
"LaLiga","2025/2026","Spain","domestic_league","","2026-05-11T20:00:00+00:00","Vallecano","Girona","","","1","1","finished","false","datahub-football-data","laliga-2025-2026-2026-05-11-vallecano-girona"
"LaLiga","2025/2026","Spain","domestic_league","","2026-05-12T20:00:00+00:00","Celta","Levante","","","2","3","finished","false","datahub-football-data","laliga-2025-2026-2026-05-12-celta-levante"
"LaLiga","2025/2026","Spain","domestic_league","","2026-05-12T20:00:00+00:00","Betis","Elche","","","2","1","finished","false","datahub-football-data","laliga-2025-2026-2026-05-12-betis-elche"
"LaLiga","2025/2026","Spain","domestic_league","","2026-05-12T20:00:00+00:00","Osasuna","Ath Madrid","","","1","2","finished","false","datahub-football-data","laliga-2025-2026-2026-05-12-osasuna-ath-madrid"
"LaLiga","2025/2026","Spain","domestic_league","","2026-05-13T20:00:00+00:00","Espanol","Ath Bilbao","","","2","0","finished","false","datahub-football-data","laliga-2025-2026-2026-05-13-espanol-ath-bilbao"
"LaLiga","2025/2026","Spain","domestic_league","","2026-05-13T20:00:00+00:00","Villarreal","Sevilla","","","2","3","finished","false","datahub-football-data","laliga-2025-2026-2026-05-13-villarreal-sevilla"
"LaLiga","2025/2026","Spain","domestic_league","","2026-05-13T20:00:00+00:00","Alaves","Barcelona","","","1","0","finished","false","datahub-football-data","laliga-2025-2026-2026-05-13-alaves-barcelona"
"LaLiga","2025/2026","Spain","domestic_league","","2026-05-13T20:00:00+00:00","Getafe","Mallorca","","","3","1","finished","false","datahub-football-data","laliga-2025-2026-2026-05-13-getafe-mallorca"
"LaLiga","2025/2026","Spain","domestic_league","","2026-05-14T20:00:00+00:00","Valencia","Vallecano","","","1","1","finished","false","datahub-football-data","laliga-2025-2026-2026-05-14-valencia-vallecano"
"LaLiga","2025/2026","Spain","domestic_league","","2026-05-14T20:00:00+00:00","Girona","Sociedad","","","1","1","finished","false","datahub-football-data","laliga-2025-2026-2026-05-14-girona-sociedad"
"LaLiga","2025/2026","Spain","domestic_league","","2026-05-14T20:00:00+00:00","Real Madrid","Oviedo","","","2","0","finished","false","datahub-football-data","laliga-2025-2026-2026-05-14-real-madrid-oviedo"
"LaLiga","2025/2026","Spain","domestic_league","","2026-05-17T20:00:00+00:00","Ath Bilbao","Celta","","","1","1","finished","false","datahub-football-data","laliga-2025-2026-2026-05-17-ath-bilbao-celta"
"LaLiga","2025/2026","Spain","domestic_league","","2026-05-17T20:00:00+00:00","Ath Madrid","Girona","","","1","0","finished","false","datahub-football-data","laliga-2025-2026-2026-05-17-ath-madrid-girona"
"LaLiga","2025/2026","Spain","domestic_league","","2026-05-17T20:00:00+00:00","Elche","Getafe","","","1","0","finished","false","datahub-football-data","laliga-2025-2026-2026-05-17-elche-getafe"
"LaLiga","2025/2026","Spain","domestic_league","","2026-05-17T20:00:00+00:00","Levante","Mallorca","","","2","0","finished","false","datahub-football-data","laliga-2025-2026-2026-05-17-levante-mallorca"
"LaLiga","2025/2026","Spain","domestic_league","","2026-05-17T20:00:00+00:00","Osasuna","Espanol","","","1","2","finished","false","datahub-football-data","laliga-2025-2026-2026-05-17-osasuna-espanol"
"LaLiga","2025/2026","Spain","domestic_league","","2026-05-17T20:00:00+00:00","Oviedo","Alaves","","","0","1","finished","false","datahub-football-data","laliga-2025-2026-2026-05-17-oviedo-alaves"
"LaLiga","2025/2026","Spain","domestic_league","","2026-05-17T20:00:00+00:00","Sevilla","Real Madrid","","","0","1","finished","false","datahub-football-data","laliga-2025-2026-2026-05-17-sevilla-real-madrid"
"LaLiga","2025/2026","Spain","domestic_league","","2026-05-17T20:00:00+00:00","Sociedad","Valencia","","","3","4","finished","false","datahub-football-data","laliga-2025-2026-2026-05-17-sociedad-valencia"
"LaLiga","2025/2026","Spain","domestic_league","","2026-05-17T20:00:00+00:00","Vallecano","Villarreal","","","2","0","finished","false","datahub-football-data","laliga-2025-2026-2026-05-17-vallecano-villarreal"
"LaLiga","2025/2026","Spain","domestic_league","","2026-05-17T20:00:00+00:00","Barcelona","Betis","","","3","1","finished","false","datahub-football-data","laliga-2025-2026-2026-05-17-barcelona-betis"
"LaLiga","2025/2026","Spain","domestic_league","","2026-05-23T20:00:00+00:00","Alaves","Vallecano","","","1","2","finished","false","datahub-football-data","laliga-2025-2026-2026-05-23-alaves-vallecano"
"LaLiga","2025/2026","Spain","domestic_league","","2026-05-23T20:00:00+00:00","Betis","Levante","","","2","1","finished","false","datahub-football-data","laliga-2025-2026-2026-05-23-betis-levante"
"LaLiga","2025/2026","Spain","domestic_league","","2026-05-23T20:00:00+00:00","Celta","Sevilla","","","1","0","finished","false","datahub-football-data","laliga-2025-2026-2026-05-23-celta-sevilla"
"LaLiga","2025/2026","Spain","domestic_league","","2026-05-23T20:00:00+00:00","Espanol","Sociedad","","","1","1","finished","false","datahub-football-data","laliga-2025-2026-2026-05-23-espanol-sociedad"
"LaLiga","2025/2026","Spain","domestic_league","","2026-05-23T20:00:00+00:00","Getafe","Osasuna","","","1","0","finished","false","datahub-football-data","laliga-2025-2026-2026-05-23-getafe-osasuna"
"LaLiga","2025/2026","Spain","domestic_league","","2026-05-23T20:00:00+00:00","Girona","Elche","","","1","1","finished","false","datahub-football-data","laliga-2025-2026-2026-05-23-girona-elche"
"LaLiga","2025/2026","Spain","domestic_league","","2026-05-23T20:00:00+00:00","Mallorca","Oviedo","","","3","0","finished","false","datahub-football-data","laliga-2025-2026-2026-05-23-mallorca-oviedo"
"LaLiga","2025/2026","Spain","domestic_league","","2026-05-23T20:00:00+00:00","Real Madrid","Ath Bilbao","","","4","2","finished","false","datahub-football-data","laliga-2025-2026-2026-05-23-real-madrid-ath-bilbao"
"LaLiga","2025/2026","Spain","domestic_league","","2026-05-23T20:00:00+00:00","Valencia","Barcelona","","","3","1","finished","false","datahub-football-data","laliga-2025-2026-2026-05-23-valencia-barcelona"
"LaLiga","2025/2026","Spain","domestic_league","","2026-05-24T20:00:00+00:00","Villarreal","Ath Madrid","","","5","1","finished","false","datahub-football-data","laliga-2025-2026-2026-05-24-villarreal-ath-madrid"
